,movie_id,genre
0,11,Action
1,18,Action
2,22,Action
3,24,Action
4,58,Action
5,79,Action
6,85,Action
7,87,Action
8,89,Action
9,90,Action
10,95,Action
11,96,Action
12,98,Action
13,104,Action
14,106,Action
15,111,Action
16,120,Action
17,121,Action
18,122,Action
19,134,Action
20,146,Action
21,154,Action
22,155,Action
23,157,Action
24,169,Action
25,172,Action
26,174,Action
27,180,Action
28,187,Action
29,193,Action
30,197,Action
31,199,Action
32,200,Action
33,201,Action
34,217,Action
35,218,Action
36,253,Action
37,254,Action
38,268,Action
39,272,Action
40,277,Action
41,280,Action
42,285,Action
43,296,Action
44,306,Action
45,314,Action
46,319,Action
47,326,Action
48,330,Action
49,331,Action
50,332,Action
51,346,Action
52,348,Action
53,364,Action
54,387,Action
55,393,Action
56,395,Action
57,414,Action
58,415,Action
59,435,Action
60,440,Action
61,479,Action
62,503,Action
63,507,Action
64,525,Action
65,534,Action
66,540,Action
67,557,Action
68,558,Action
69,559,Action
70,562,Action
71,563,Action
72,584,Action
73,602,Action
74,603,Action
75,604,Action
76,605,Action
77,607,Action
78,608,Action
79,612,Action
80,616,Action
81,619,Action
82,646,Action
83,657,Action
84,658,Action
85,660,Action
86,664,Action
87,667,Action
88,668,Action
89,670,Action
90,679,Action
91,681,Action
92,682,Action
93,691,Action
94,698,Action
95,699,Action
96,700,Action
97,707,Action
98,708,Action
99,709,Action
100,710,Action
101,714,Action
102,744,Action
103,752,Action
104,754,Action
105,755,Action
106,787,Action
107,792,Action
108,834,Action
109,841,Action
110,849,Action
111,855,Action
112,861,Action
113,865,Action
114,869,Action
115,924,Action
116,943,Action
117,944,Action
118,954,Action
119,955,Action
120,956,Action
121,1051,Action
122,1103,Action
123,1123,Action
124,1250,Action
125,1251,Action
126,1266,Action
127,1271,Action
128,1368,Action
129,1369,Action
130,1370,Action
131,1372,Action
132,1408,Action
133,1428,Action
134,1452,Action
135,1487,Action
136,1493,Action
137,1494,Action
138,1495,Action
139,1497,Action
140,1499,Action
141,1535,Action
142,1537,Action
143,1571,Action
144,1572,Action
145,1573,Action
146,1574,Action
147,1576,Action
148,1577,Action
149,1579,Action
150,1593,Action
151,1613,Action
152,1619,Action
153,1620,Action
154,1635,Action
155,1637,Action
156,1639,Action
157,1642,Action
158,1656,Action
159,1669,Action
160,1687,Action
161,1688,Action
162,1701,Action
163,1705,Action
164,1724,Action
165,1726,Action
166,1729,Action
167,1734,Action
168,1735,Action
169,1771,Action
170,1858,Action
171,1865,Action
172,1880,Action
173,1891,Action
174,1892,Action
175,1893,Action
176,1894,Action
177,1895,Action
178,1911,Action
179,1924,Action
180,1927,Action
181,1930,Action
182,1946,Action
183,1948,Action
184,1966,Action
185,1969,Action
186,1979,Action
187,1995,Action
188,1996,Action
189,2008,Action
190,2024,Action
191,2034,Action
192,2043,Action
193,2048,Action
194,2059,Action
195,2080,Action
196,2085,Action
197,2088,Action
198,2100,Action
199,2110,Action
200,2112,Action
201,2114,Action
202,2135,Action
203,2140,Action
204,2142,Action
205,2162,Action
206,2163,Action
207,2185,Action
208,2207,Action
209,2310,Action
210,2312,Action
211,2320,Action
212,2370,Action
213,2453,Action
214,2486,Action
215,2501,Action
216,2502,Action
217,2503,Action
218,2636,Action
219,2669,Action
220,2749,Action
221,2756,Action
222,2787,Action
223,2789,Action
224,3040,Action
225,3132,Action
226,3172,Action
227,3482,Action
228,3512,Action
229,3536,Action
230,3595,Action
231,3989,Action
232,4105,Action
233,4107,Action
234,4108,Action
235,4327,Action
236,4349,Action
237,4421,Action
238,4442,Action
239,4474,Action
240,4512,Action
241,4515,Action
242,4597,Action
243,4614,Action
244,4638,Action
245,4723,Action
246,4824,Action
247,4911,Action
248,4965,Action
249,5137,Action
250,5174,Action
251,5175,Action
252,5236,Action
253,5353,Action
254,5491,Action
255,5503,Action
256,5550,Action
257,5551,Action
258,5820,Action
259,5822,Action
260,6038,Action
261,6068,Action
262,6071,Action
263,6073,Action
264,6278,Action
265,6415,Action
266,6479,Action
267,6519,Action
268,6520,Action
269,6623,Action
270,6950,Action
271,6968,Action
272,6978,Action
273,7191,Action
274,7220,Action
275,7288,Action
276,7299,Action
277,7304,Action
278,7305,Action
279,7347,Action
280,7364,Action
281,7446,Action
282,7450,Action
283,7451,Action
284,7459,Action
285,7461,Action
286,7485,Action
287,7515,Action
288,7516,Action
289,7737,Action
290,7873,Action
291,8007,Action
292,8009,Action
293,8011,Action
294,8068,Action
295,8077,Action
296,8078,Action
297,8195,Action
298,8198,Action
299,8202,Action
300,8285,Action
301,8292,Action
302,8337,Action
303,8373,Action
304,8374,Action
305,8409,Action
306,8427,Action
307,8456,Action
308,8487,Action
309,8536,Action
310,8584,Action
311,8592,Action
312,8656,Action
313,8681,Action
314,8698,Action
315,8810,Action
316,8814,Action
317,8831,Action
318,8834,Action
319,8838,Action
320,8850,Action
321,8854,Action
322,8869,Action
323,8870,Action
324,8909,Action
325,8914,Action
326,8960,Action
327,8961,Action
328,8963,Action
329,8975,Action
330,8982,Action
331,8987,Action
332,9042,Action
333,9053,Action
334,9067,Action
335,9074,Action
336,9208,Action
337,9257,Action
338,9268,Action
339,9271,Action
340,9288,Action
341,9289,Action
342,9292,Action
343,9311,Action
344,9312,Action
345,9313,Action
346,9331,Action
347,9334,Action
348,9335,Action
349,9341,Action
350,9342,Action
351,9348,Action
352,9350,Action
353,9355,Action
354,9361,Action
355,9362,Action
356,9367,Action
357,9381,Action
358,9383,Action
359,9387,Action
360,9389,Action
361,9400,Action
362,9414,Action
363,9416,Action
364,9425,Action
365,9433,Action
366,9434,Action
367,9448,Action
368,9449,Action
369,9455,Action
370,9457,Action
371,9470,Action
372,9471,Action
373,9476,Action
374,9486,Action
375,9488,Action
376,9495,Action
377,9509,Action
378,9515,Action
379,9516,Action
380,9531,Action
381,9543,Action
382,9548,Action
383,9550,Action
384,9555,Action
385,9562,Action
386,9567,Action
387,9570,Action
388,9588,Action
389,9593,Action
390,9594,Action
391,9610,Action
392,9615,Action
393,9618,Action
394,9619,Action
395,9620,Action
396,9624,Action
397,9625,Action
398,9626,Action
399,9631,Action
400,9654,Action
401,9659,Action
402,9664,Action
403,9679,Action
404,9691,Action
405,9693,Action
406,9702,Action
407,9703,Action
408,9705,Action
409,9737,Action
410,9759,Action
411,9760,Action
412,9766,Action
413,9770,Action
414,9772,Action
415,9798,Action
416,9799,Action
417,9802,Action
418,9804,Action
419,9806,Action
420,9822,Action
421,9823,Action
422,9824,Action
423,9825,Action
424,9826,Action
425,9829,Action
426,9869,Action
427,9882,Action
428,9884,Action
429,9890,Action
430,9920,Action
431,9923,Action
432,9945,Action
433,9946,Action
434,9947,Action
435,9950,Action
436,9954,Action
437,9955,Action
438,9978,Action
439,9989,Action
440,10003,Action
441,10016,Action
442,10017,Action
443,10022,Action
444,10027,Action
445,10034,Action
446,10040,Action
447,10045,Action
448,10047,Action
449,10048,Action
450,10054,Action
451,10061,Action
452,10070,Action
453,10074,Action
454,10077,Action
455,10090,Action
456,10105,Action
457,10117,Action
458,10135,Action
459,10136,Action
460,10138,Action
461,10159,Action
462,10167,Action
463,10179,Action
464,10189,Action
465,10195,Action
466,10196,Action
467,10204,Action
468,10253,Action
469,10329,Action
470,10336,Action
471,10350,Action
472,10357,Action
473,10366,Action
474,10375,Action
475,10388,Action
476,10413,Action
477,10425,Action
478,10428,Action
479,10431,Action
480,10461,Action
481,10477,Action
482,10483,Action
483,10528,Action
484,10534,Action
485,10535,Action
486,10550,Action
487,10555,Action
488,10569,Action
489,10589,Action
490,10590,Action
491,10610,Action
492,10615,Action
493,10622,Action
494,10623,Action
495,10632,Action
496,10643,Action
497,10656,Action
498,10661,Action
499,10705,Action
500,10718,Action
501,10724,Action
502,10743,Action
503,10762,Action
504,10764,Action
505,10771,Action
506,10782,Action
507,10783,Action
508,10786,Action
509,10796,Action
510,10803,Action
511,10861,Action
512,10871,Action
513,10877,Action
514,10890,Action
515,10914,Action
516,10923,Action
517,10935,Action
518,10991,Action
519,10999,Action
520,11001,Action
521,11022,Action
522,11090,Action
523,11128,Action
524,11141,Action
525,11165,Action
526,11194,Action
527,11199,Action
528,11212,Action
529,11228,Action
530,11237,Action
531,11358,Action
532,11362,Action
533,11370,Action
534,11371,Action
535,11375,Action
536,11382,Action
537,11398,Action
538,11411,Action
539,11412,Action
540,11495,Action
541,11509,Action
542,11517,Action
543,11519,Action
544,11535,Action
545,11536,Action
546,11551,Action
547,11564,Action
548,11576,Action
549,11658,Action
550,11665,Action
551,11667,Action
552,11676,Action
553,11678,Action
554,11679,Action
555,11690,Action
556,11692,Action
557,11702,Action
558,11770,Action
559,11817,Action
560,11818,Action
561,11835,Action
562,11863,Action
563,11866,Action
564,11891,Action
565,11904,Action
566,11918,Action
567,11935,Action
568,11967,Action
569,11968,Action
570,11969,Action
571,11983,Action
572,12085,Action
573,12088,Action
574,12094,Action
575,12096,Action
576,12100,Action
577,12106,Action
578,12113,Action
579,12123,Action
580,12138,Action
581,12142,Action
582,12160,Action
583,12207,Action
584,12211,Action
585,12227,Action
586,12244,Action
587,12277,Action
588,12279,Action
589,12289,Action
590,12437,Action
591,12484,Action
592,12589,Action
593,12610,Action
594,12704,Action
595,12770,Action
596,13006,Action
597,13025,Action
598,13027,Action
599,13051,Action
600,13056,Action
601,13064,Action
602,13072,Action
603,13154,Action
604,13183,Action
605,13184,Action
606,13191,Action
607,13197,Action
608,13201,Action
609,13282,Action
610,13389,Action
611,13408,Action
612,13460,Action
613,13475,Action
614,13491,Action
615,13495,Action
616,13496,Action
617,13498,Action
618,13503,Action
619,13805,Action
620,13807,Action
621,13809,Action
622,13811,Action
623,13836,Action
624,13922,Action
625,13938,Action
626,13950,Action
627,14034,Action
628,14043,Action
629,14161,Action
630,14164,Action
631,14324,Action
632,14351,Action
633,14392,Action
634,14396,Action
635,14538,Action
636,14560,Action
637,14576,Action
638,14623,Action
639,14736,Action
640,14854,Action
641,14869,Action
642,14877,Action
643,15049,Action
644,15067,Action
645,15070,Action
646,15074,Action
647,15092,Action
648,15158,Action
649,15173,Action
650,15239,Action
651,15268,Action
652,15365,Action
653,15644,Action
654,15745,Action
655,15797,Action
656,15983,Action
657,16016,Action
658,16205,Action
659,16290,Action
660,16320,Action
661,16353,Action
662,16441,Action
663,16577,Action
664,16608,Action
665,16651,Action
666,16869,Action
667,16911,Action
668,16995,Action
669,17043,Action
670,17130,Action
671,17134,Action
672,17186,Action
673,17339,Action
674,17577,Action
675,17622,Action
676,17708,Action
677,17711,Action
678,18065,Action
679,18360,Action
680,18501,Action
681,18533,Action
682,18550,Action
683,18712,Action
684,18808,Action
685,18823,Action
686,18828,Action
687,18869,Action
688,18885,Action
689,18886,Action
690,19150,Action
691,19187,Action
692,19419,Action
693,19457,Action
694,19495,Action
695,19585,Action
696,19644,Action
697,19803,Action
698,19898,Action
699,19901,Action
700,19959,Action
701,19995,Action
702,20083,Action
703,20391,Action
704,20406,Action
705,20483,Action
706,20504,Action
707,20526,Action
708,20533,Action
709,20662,Action
710,20697,Action
711,21338,Action
712,21512,Action
713,21610,Action
714,21724,Action
715,22301,Action
716,22314,Action
717,22488,Action
718,22538,Action
719,22600,Action
720,22617,Action
721,22787,Action
722,22820,Action
723,22821,Action
724,22832,Action
725,22907,Action
726,22972,Action
727,23172,Action
728,23330,Action
729,23483,Action
730,23629,Action
731,23631,Action
732,23685,Action
733,23742,Action
734,23759,Action
735,24206,Action
736,24227,Action
737,24264,Action
738,24266,Action
739,24418,Action
740,24428,Action
741,24575,Action
742,24746,Action
743,24748,Action
744,24869,Action
745,25209,Action
746,25212,Action
747,25388,Action
748,25678,Action
749,25763,Action
750,25769,Action
751,25941,Action
752,26039,Action
753,26268,Action
754,26352,Action
755,26389,Action
756,26486,Action
757,26843,Action
758,26916,Action
759,27022,Action
760,27191,Action
761,27205,Action
762,27342,Action
763,27380,Action
764,27549,Action
765,27573,Action
766,27576,Action
767,27578,Action
768,27581,Action
769,27582,Action
770,27759,Action
771,27936,Action
772,28165,Action
773,28932,Action
774,29015,Action
775,29076,Action
776,29339,Action
777,29427,Action
778,30379,Action
779,30596,Action
780,31668,Action
781,31867,Action
782,32740,Action
783,33106,Action
784,33157,Action
785,33196,Action
786,33542,Action
787,34314,Action
788,34723,Action
789,34769,Action
790,34813,Action
791,34851,Action
792,35691,Action
793,35791,Action
794,35944,Action
795,36557,Action
796,36586,Action
797,36643,Action
798,36647,Action
799,36648,Action
800,36657,Action
801,36658,Action
802,36668,Action
803,36669,Action
804,36670,Action
805,36955,Action
806,37498,Action
807,37710,Action
808,37724,Action
809,37737,Action
810,37821,Action
811,37834,Action
812,37931,Action
813,37958,Action
814,38055,Action
815,38153,Action
816,38321,Action
817,38322,Action
818,38356,Action
819,38543,Action
820,38665,Action
821,38717,Action
822,38780,Action
823,38940,Action
824,38985,Action
825,39180,Action
826,39254,Action
827,39349,Action
828,39514,Action
829,39833,Action
830,40160,Action
831,40505,Action
832,40805,Action
833,40914,Action
834,41009,Action
835,41154,Action
836,41283,Action
837,41317,Action
838,42151,Action
839,42807,Action
840,43074,Action
841,43090,Action
842,43213,Action
843,43630,Action
844,43884,Action
845,43935,Action
846,43959,Action
847,44048,Action
848,44092,Action
849,44147,Action
850,44833,Action
851,44865,Action
852,44912,Action
853,44943,Action
854,45132,Action
855,45138,Action
856,45380,Action
857,45610,Action
858,46528,Action
859,46529,Action
860,47327,Action
861,47534,Action
862,47816,Action
863,47933,Action
864,47964,Action
865,48138,Action
866,48340,Action
867,48572,Action
868,48620,Action
869,49010,Action
870,49017,Action
871,49021,Action
872,49026,Action
873,49040,Action
874,49049,Action
875,49051,Action
876,49478,Action
877,49521,Action
878,49524,Action
879,49526,Action
880,49527,Action
881,49529,Action
882,49530,Action
883,49538,Action
884,49852,Action
885,50456,Action
886,51497,Action
887,51955,Action
888,51995,Action
889,52015,Action
890,52451,Action
891,52520,Action
892,53182,Action
893,53502,Action
894,54054,Action
895,54138,Action
896,56288,Action
897,56292,Action
898,56491,Action
899,56930,Action
900,57201,Action
901,58233,Action
902,58574,Action
903,58626,Action
904,59108,Action
905,59440,Action
906,59678,Action
907,59859,Action
908,59917,Action
909,59961,Action
910,59962,Action
911,59965,Action
912,59967,Action
913,60304,Action
914,61791,Action
915,62177,Action
916,62206,Action
917,62255,Action
918,62630,Action
919,62835,Action
920,63006,Action
921,64686,Action
922,64688,Action
923,64690,Action
924,65448,Action
925,66607,Action
926,67373,Action
927,67913,Action
928,68721,Action
929,68724,Action
930,68726,Action
931,68735,Action
932,68818,Action
933,69382,Action
934,69848,Action
935,70006,Action
936,70074,Action
937,70435,Action
938,70829,Action
939,71469,Action
940,71676,Action
941,71679,Action
942,72190,Action
943,72331,Action
944,72387,Action
945,72431,Action
946,72545,Action
947,72559,Action
948,72710,Action
949,75174,Action
950,75612,Action
951,75674,Action
952,76163,Action
953,76170,Action
954,76338,Action
955,76341,Action
956,76349,Action
957,76640,Action
958,76649,Action
959,76757,Action
960,77156,Action
961,77866,Action
962,77948,Action
963,79698,Action
964,80274,Action
965,81005,Action
966,81390,Action
967,81796,Action
968,82675,Action
969,82682,Action
970,82700,Action
971,82702,Action
972,87101,Action
973,87421,Action
974,87827,Action
975,88751,Action
976,91314,Action
977,94329,Action
978,94348,Action
979,96721,Action
980,97020,Action
981,97430,Action
982,98549,Action
983,98566,Action
984,99861,Action
985,100402,Action
986,101299,Action
987,102362,Action
988,102382,Action
989,102651,Action
990,102899,Action
991,106747,Action
992,107846,Action
993,107985,Action
994,109414,Action
995,109424,Action
996,109513,Action
997,110415,Action
998,112456,Action
999,116613,Action
1000,116977,Action
1001,117251,Action
1002,117263,Action
1003,118340,Action
1004,118957,Action
1005,119283,Action
1006,119450,Action
1007,122917,Action
1008,123553,Action
1009,127493,Action
1010,127585,Action
1011,131634,Action
1012,134374,Action
1013,135397,Action
1014,136400,Action
1015,136795,Action
1016,136797,Action
1017,137094,Action
1018,137113,Action
1019,138103,Action
1020,140300,Action
1021,142061,Action
1022,144336,Action
1023,146198,Action
1024,146216,Action
1025,146227,Action
1026,146631,Action
1027,147441,Action
1028,147767,Action
1029,152747,Action
1030,152760,Action
1031,156022,Action
1032,157350,Action
1033,166424,Action
1034,168259,Action
1035,168530,Action
1036,168705,Action
1037,171424,Action
1038,173931,Action
1039,174751,Action
1040,177572,Action
1041,177677,Action
1042,182873,Action
1043,184315,Action
1044,187017,Action
1045,188207,Action
1046,188927,Action
1047,190859,Action
1048,192102,Action
1049,192141,Action
1050,192210,Action
1051,193756,Action
1052,198184,Action
1053,198663,Action
1054,203801,Action
1055,204082,Action
1056,205126,Action
1057,205775,Action
1058,206213,Action
1059,206647,Action
1060,208869,Action
1061,209112,Action
1062,216282,Action
1063,218043,Action
1064,224569,Action
1065,225574,Action
1066,228150,Action
1067,228967,Action
1068,240832,Action
1069,241254,Action
1070,241554,Action
1071,242166,Action
1072,244114,Action
1073,244316,Action
1074,244339,Action
1075,250066,Action
1076,252360,Action
1077,253450,Action
1078,253626,Action
1079,254128,Action
1080,254473,Action
1081,254904,Action
1082,256040,Action
1083,256092,Action
1084,256687,Action
1085,256740,Action
1086,256961,Action
1087,257088,Action
1088,257344,Action
1089,258489,Action
1090,260346,Action
1091,266396,Action
1092,267860,Action
1093,268920,Action
1094,270554,Action
1095,270938,Action
1096,271110,Action
1097,273481,Action
1098,274854,Action
1099,285923,Action
1100,287948,Action
1101,290555,Action
1102,290595,Action
1103,290864,Action
1104,291805,Action
1105,293660,Action
1106,294254,Action
1107,295914,Action
1108,297761,Action
1109,299552,Action
1110,300168,Action
1111,300671,Action
1112,300673,Action
1113,302156,Action
1114,302699,Action
1115,307081,Action
1116,308529,Action
1117,308531,Action
1118,312113,Action
1119,315011,Action
1120,316152,Action
1121,316727,Action
1122,317930,Action
1123,322194,Action
1124,323271,Action
1125,323675,Action
1126,323677,Action
1127,324668,Action
1128,325173,Action
1129,326284,Action
1130,327833,Action
1131,329540,Action
1132,332411,Action
1133,333355,Action
1134,335778,Action
1135,336004,Action
1136,342521,Action
1137,347755,Action
1138,352978,Action
1139,354624,Action
1140,356483,Action
1141,356841,Action
1142,361159,Action
1143,365222,Action
1144,367551,Action
1145,370464,Action
1146,375290,Action
1147,378237,Action
1148,380733,Action
1149,381902,Action
1150,385383,Action
1151,389425,Action
1152,407887,Action
1153,417859,Action
